Date,Ticker,Open,High,Low,Close,Volume
2026-06-03,SONATSOFTW,277.95001220703125,277.95001220703125,261.79998779296875,267.3500061035156,1607373
2026-06-04,SONATSOFTW,265.3500061035156,267.45001220703125,262.20001220703125,264.79998779296875,592306
2026-06-05,SONATSOFTW,266.45001220703125,273.3999938964844,263.54998779296875,265.70001220703125,577592
2026-06-03,HEROMOTOCO,4856.0,4873.7998046875,4815.0,4840.89990234375,571637
2026-06-04,HEROMOTOCO,4850.39990234375,4980.0,4850.39990234375,4882.2998046875,783946
2026-06-05,HEROMOTOCO,4898.0,4904.5,4791.10009765625,4835.0,654540
2026-06-03,SBIN,953.75,974.0,937.2000122070312,970.4500122070312,27947005
2026-06-04,SBIN,969.9000244140625,985.7999877929688,961.0999755859375,979.25,18875883
2026-06-05,SBIN,980.0,992.5999755859375,970.5999755859375,977.7000122070312,20955539
2026-06-03,SOLARINDS,18396.0,18737.0,18285.0,18577.0,266212
2026-06-04,SOLARINDS,18560.0,18770.0,18251.0,18293.0,161517
2026-06-05,SOLARINDS,18380.0,18745.0,18350.0,18441.0,102618
2026-06-03,ASHOKLEY,147.19000244140625,147.8000030517578,142.1999969482422,145.83999633789062,50124149
2026-06-04,ASHOKLEY,145.83999633789062,147.22000122070312,144.10000610351562,144.44000244140625,23281041
2026-06-05,ASHOKLEY,146.0,146.52999877929688,143.8000030517578,145.2899932861328,22386114
2026-06-03,MAZDOCK,2450.0,2458.39990234375,2387.0,2441.800048828125,752970
2026-06-04,MAZDOCK,2433.800048828125,2479.0,2422.60009765625,2445.199951171875,617854
2026-06-05,MAZDOCK,2450.0,2474.5,2415.0,2423.10009765625,588766
2026-06-03,KANSAINER,215.00999450683594,217.0,213.14999389648438,214.86000061035156,136858
2026-06-04,KANSAINER,214.86000061035156,216.86000061035156,212.5500030517578,213.64999389648438,105992
2026-06-05,KANSAINER,214.47999572753906,216.5,209.66000366210938,210.88999938964844,149179
2026-06-03,MARICO,806.8499755859375,814.8499755859375,801.5499877929688,811.25,1106240
2026-06-04,MARICO,811.25,826.5499877929688,805.4500122070312,816.8499755859375,1908015
2026-06-05,MARICO,823.9500122070312,823.9500122070312,807.0999755859375,810.6500244140625,1801418
2026-06-03,APOLLOTYRE,391.29998779296875,394.8999938964844,387.95001220703125,391.1499938964844,541725
2026-06-04,APOLLOTYRE,389.29998779296875,398.29998779296875,387.95001220703125,395.75,943323
2026-06-05,APOLLOTYRE,398.75,399.0,395.04998779296875,396.79998779296875,388734
2026-06-03,PNB,104.01000213623047,106.11000061035156,102.9000015258789,105.80000305175781,15562385
2026-06-04,PNB,105.0,106.2699966430664,104.16999816894531,105.66999816894531,12866999
2026-06-05,PNB,106.19999694824219,108.80000305175781,106.0199966430664,106.8499984741211,24442790
2026-06-03,MRF,124950.0,125395.0,124075.0,124790.0,3216
2026-06-04,MRF,124800.0,125500.0,124300.0,124715.0,3345
2026-06-05,MRF,125950.0,125950.0,123350.0,123505.0,7169
2026-06-03,GMRAIRPORT,99.05000305175781,101.0,97.2300033569336,98.77999877929688,19689823
2026-06-04,GMRAIRPORT,98.01000213623047,104.0,97.26000213623047,101.98999786376953,43377542
2026-06-05,GMRAIRPORT,102.9800033569336,103.94999694824219,101.55999755859375,102.02999877929688,21055639
2026-06-03,BHEL,410.75,412.6499938964844,397.29998779296875,406.29998779296875,10000048
2026-06-04,BHEL,410.3999938964844,411.0,384.5,389.20001220703125,22452304
2026-06-05,BHEL,390.0,400.3500061035156,382.6000061035156,386.95001220703125,17437792
2026-06-03,ICICIBANK,1219.9000244140625,1248.300048828125,1213.699951171875,1242.0,13934754
2026-06-04,ICICIBANK,1232.199951171875,1262.300048828125,1232.199951171875,1251.699951171875,19461560
2026-06-05,ICICIBANK,1257.0,1265.0,1250.0,1262.0999755859375,10166393
2026-06-03,TATACAP,300.75,310.1000061035156,298.04998779296875,309.1000061035156,2647388
2026-06-04,TATACAP,310.0,313.0,306.3999938964844,311.20001220703125,1979349
2026-06-05,TATACAP,313.0,316.95001220703125,312.5,314.79998779296875,2310384
2026-06-03,TCS,2393.0,2393.0,2224.800048828125,2241.699951171875,15660062
2026-06-04,TCS,2241.699951171875,2253.10009765625,2216.60009765625,2241.0,4867263
2026-06-05,TCS,2262.89990234375,2271.800048828125,2192.0,2198.89990234375,5019717
2026-06-03,ZYDUSLIFE,1078.0999755859375,1081.0999755859375,1048.9000244140625,1076.5999755859375,1403453
2026-06-04,ZYDUSLIFE,1070.0,1098.0,1063.0999755859375,1084.5999755859375,1016000
2026-06-05,ZYDUSLIFE,1085.0999755859375,1097.0,1082.199951171875,1089.0,919205
2026-06-03,APOLLOHOSP,8109.5,8317.5,8109.5,8290.5,724687
2026-06-04,APOLLOHOSP,8270.0,8301.5,8225.0,8249.0,345278
2026-06-05,APOLLOHOSP,8265.0,8341.0,8240.0,8304.5,187969
2026-06-03,COALINDIA,471.8999938964844,478.54998779296875,466.20001220703125,472.29998779296875,15291450
2026-06-04,COALINDIA,473.0,484.45001220703125,472.8500061035156,481.6499938964844,16059802
2026-06-05,COALINDIA,483.29998779296875,483.6000061035156,469.1000061035156,472.29998779296875,9592529
2026-06-03,BAJAJHLDNG,10200.0,10265.0,10060.0,10190.0,25913
2026-06-04,BAJAJHLDNG,10149.0,10278.0,10081.0,10127.0,24423
2026-06-05,BAJAJHLDNG,10189.0,10355.0,10131.0,10199.0,68806
2026-06-03,POWERGRID,282.0,286.0,280.3500061035156,285.04998779296875,13002063
2026-06-04,POWERGRID,280.0,286.04998779296875,280.0,284.6000061035156,16292818
2026-06-05,POWERGRID,284.0,286.54998779296875,283.0,285.6499938964844,6955072
2026-06-03,FIRSTCRY,223.0,228.58999633789062,221.10000610351562,222.07000732421875,1309496
2026-06-04,FIRSTCRY,222.07000732421875,225.86000061035156,219.07000732421875,219.6999969482422,8845758
2026-06-05,FIRSTCRY,223.50999450683594,235.02000427246094,216.4600067138672,221.13999938964844,9861014
2026-06-03,BHARTIHEXA,1490.0,1517.800048828125,1485.0999755859375,1496.199951171875,52940
2026-06-04,BHARTIHEXA,1490.0,1496.0,1471.5,1489.300048828125,67860
2026-06-05,BHARTIHEXA,1494.9000244140625,1508.0,1475.0,1480.5,61208
2026-06-03,LTF,270.79998779296875,270.79998779296875,263.6000061035156,267.8500061035156,4135606
2026-06-04,LTF,266.8999938964844,268.6000061035156,265.0,266.70001220703125,4176044
2026-06-05,LTF,268.0,277.25,266.45001220703125,268.6000061035156,7790312
2026-06-03,SBICARD,608.0,608.0,594.4500122070312,596.5499877929688,1151872
2026-06-04,SBICARD,589.5999755859375,593.7999877929688,587.2000122070312,589.5,1351141
2026-06-05,SBICARD,591.0999755859375,597.0499877929688,588.0,589.5999755859375,849540
2026-06-03,BAJAJ-AUTO,10281.0,10415.0,10202.0,10259.0,355015
2026-06-04,BAJAJ-AUTO,10240.0,10452.0,10178.0,10362.0,539031
2026-06-05,BAJAJ-AUTO,10394.0,10446.0,10317.0,10342.0,247150
2026-06-03,DLF,590.0999755859375,591.1500244140625,573.5499877929688,581.5499877929688,3682605
2026-06-04,DLF,577.0,581.6500244140625,573.1500244140625,577.7999877929688,5027572
2026-06-05,DLF,581.4000244140625,588.0,574.0999755859375,577.7000122070312,3387619
2026-06-03,KEI,5299.0,5347.5,5204.5,5222.0,265111
2026-06-04,KEI,5222.0,5374.5,5186.0,5296.0,201738
2026-06-05,KEI,5336.0,5398.0,5287.0,5335.5,203971
2026-06-03,KOTAKBANK,377.6000061035156,383.45001220703125,375.1000061035156,381.0,14844206
2026-06-04,KOTAKBANK,378.5,384.0,377.8999938964844,381.5,13889236
2026-06-05,KOTAKBANK,381.5,383.70001220703125,374.6499938964844,377.45001220703125,10129597
2026-06-03,ACC,1377.9000244140625,1377.9000244140625,1346.0,1350.9000244140625,142891
2026-06-04,ACC,1347.0,1356.4000244140625,1342.9000244140625,1350.800048828125,163492
2026-06-05,ACC,1365.0,1373.5999755859375,1323.0,1329.800048828125,433023
2026-06-03,SUPREMEIND,3560.0,3585.0,3514.0,3572.89990234375,67033
2026-06-04,SUPREMEIND,3572.89990234375,3685.699951171875,3525.199951171875,3642.800048828125,204194
2026-06-05,SUPREMEIND,3642.800048828125,3642.89990234375,3572.199951171875,3602.0,133176
2026-06-03,MUTHOOTFIN,3262.10009765625,3266.800048828125,3148.5,3218.300048828125,515696
2026-06-04,MUTHOOTFIN,3224.0,3224.0,3157.0,3169.699951171875,439987
2026-06-05,MUTHOOTFIN,3180.0,3225.0,3126.10009765625,3153.10009765625,553284
2026-06-03,MCX,2886.0,2904.199951171875,2797.5,2833.60009765625,3605952
2026-06-04,MCX,2837.0,2913.0,2810.10009765625,2893.5,3710305
2026-06-05,MCX,2910.0,2931.89990234375,2751.0,2795.0,4709089
2026-06-03,PREMIER,2.940000057220459,2.940000057220459,2.880000114440918,2.9100000858306885,9502
2026-06-04,PREMIER,2.9200000762939453,2.9200000762939453,2.890000104904175,2.9000000953674316,8928
2026-06-05,PREMIER,2.9000000953674316,3.0399999618530273,2.880000114440918,3.0399999618530273,421
2026-06-03,TITAN,4057.0,4103.7998046875,4002.0,4088.800048828125,959352
2026-06-04,TITAN,4075.0,4273.7998046875,4052.300048828125,4231.0,1761933
2026-06-05,TITAN,4269.0,4289.0,4223.2001953125,4260.2001953125,1390200
2026-06-03,BEL,408.0,408.95001220703125,403.1000061035156,406.6000061035156,6626958
2026-06-04,BEL,405.0,411.54998779296875,404.0,409.8999938964844,9119774
2026-06-05,BEL,410.1000061035156,412.0,405.1000061035156,408.20001220703125,11084641
2026-06-03,HUDCO,203.0,204.10000610351562,199.72999572753906,202.6300048828125,1796078
2026-06-04,HUDCO,202.5,207.0,201.85000610351562,204.6699981689453,2000702
2026-06-05,HUDCO,206.39999389648438,207.47999572753906,203.52000427246094,205.92999267578125,1295995
2026-06-03,ITC,282.3500061035156,282.3500061035156,275.20001220703125,277.0,28001438
2026-06-04,ITC,277.0,280.6499938964844,275.04998779296875,280.29998779296875,22017634
2026-06-05,ITC,280.0,281.3999938964844,277.8500061035156,280.70001220703125,16065822
2026-06-03,PAGEIND,37220.0,37820.0,37140.0,37565.0,10391
2026-06-04,PAGEIND,37310.0,38945.0,37255.0,38835.0,39453
2026-06-05,PAGEIND,38945.0,39090.0,38180.0,38345.0,18046
2026-06-03,BLUESTARCO,1572.5,1586.800048828125,1546.300048828125,1580.800048828125,308002
2026-06-04,BLUESTARCO,1580.199951171875,1652.800048828125,1569.5999755859375,1607.5999755859375,1336959
2026-06-05,BLUESTARCO,1625.9000244140625,1625.9000244140625,1572.0999755859375,1581.800048828125,479288
2026-06-03,APLAPOLLO,1769.199951171875,1815.0,1750.199951171875,1805.4000244140625,504434
2026-06-04,APLAPOLLO,1797.699951171875,1823.0,1792.699951171875,1808.4000244140625,858119
2026-06-05,APLAPOLLO,1810.0,1854.699951171875,1810.0,1822.5999755859375,985798
2026-06-03,POLYCAB,9525.0,9640.0,9479.5,9571.5,162922
2026-06-04,POLYCAB,9565.0,9774.5,9532.5,9717.5,259390
2026-06-05,POLYCAB,9755.0,9833.0,9656.0,9699.0,256030
2026-06-03,EXIDEIND,407.0,408.8999938964844,395.04998779296875,398.95001220703125,3802136
2026-06-04,EXIDEIND,400.04998779296875,409.79998779296875,398.6499938964844,403.3999938964844,4920795
2026-06-05,EXIDEIND,405.0,408.25,397.04998779296875,399.54998779296875,2825564
2026-06-03,TATAELXSI,4496.10009765625,4497.89990234375,4287.0,4347.0,498745
2026-06-04,TATAELXSI,4320.0,4322.5,4266.5,4295.2001953125,331580
2026-06-05,TATAELXSI,4343.0,4365.0,4272.10009765625,4301.10009765625,169218
2026-06-03,LT,4000.89990234375,4008.0,3894.0,3953.199951171875,1872929
2026-06-04,LT,3945.0,3974.89990234375,3930.10009765625,3942.10009765625,1398297
2026-06-05,LT,3960.0,3978.0,3923.89990234375,3953.199951171875,1278243
2026-06-03,ROUTE,541.4500122070312,541.9500122070312,520.0,527.6500244140625,230325
2026-06-04,ROUTE,520.2000122070312,533.0,520.2000122070312,526.6500244140625,105100
2026-06-05,ROUTE,530.0,532.75,522.7000122070312,525.4500122070312,72224
2026-06-03,OFSS,10300.0,10300.5,9933.5,9997.5,235347
2026-06-04,OFSS,9875.0,10209.0,9775.0,10098.0,277226
2026-06-05,OFSS,10175.0,10198.0,9908.5,9936.5,197221
2026-06-03,BAJAJFINSV,1739.0,1741.9000244140625,1708.0999755859375,1734.4000244140625,561611
2026-06-04,BAJAJFINSV,1733.0,1734.199951171875,1705.5,1709.800048828125,767631
2026-06-05,BAJAJFINSV,1720.0,1740.5,1698.0,1703.199951171875,1414054
2026-06-03,JSWINFRA,275.0,276.0,268.04998779296875,270.29998779296875,1177489
2026-06-04,JSWINFRA,270.0,275.0,266.54998779296875,272.79998779296875,800317
2026-06-05,JSWINFRA,274.0,281.8500061035156,272.8999938964844,278.1000061035156,1926891
2026-06-03,SCHAEFFLER,4072.0,4118.2998046875,4002.0,4049.89990234375,310410
2026-06-04,SCHAEFFLER,4030.0,4039.89990234375,3962.5,3997.39990234375,63119
2026-06-05,SCHAEFFLER,4033.0,4085.0,4004.699951171875,4035.300048828125,81172
2026-06-03,PATANJALI,451.0,451.75,430.3500061035156,441.6499938964844,6827656
2026-06-04,PATANJALI,444.0,445.04998779296875,423.20001220703125,427.25,5421306
2026-06-05,PATANJALI,425.0,429.25,408.1499938964844,420.45001220703125,5359917
2026-06-03,ASIANPAINT,2652.10009765625,2676.0,2624.699951171875,2662.39990234375,958774
2026-06-04,ASIANPAINT,2663.89990234375,2698.800048828125,2644.89990234375,2661.60009765625,1840743
2026-06-05,ASIANPAINT,2666.0,2699.800048828125,2665.0,2686.699951171875,1615011
2026-06-03,VGUARD,304.29998779296875,304.29998779296875,297.04998779296875,300.70001220703125,167620
2026-06-04,VGUARD,297.20001220703125,303.1000061035156,297.20001220703125,301.20001220703125,93734
2026-06-05,VGUARD,301.20001220703125,313.5,301.20001220703125,310.45001220703125,382792
2026-06-03,AJANTPHARM,2935.89990234375,2945.5,2851.5,2929.199951171875,188221
2026-06-04,AJANTPHARM,2929.199951171875,2973.5,2885.0,2947.699951171875,67356
2026-06-05,AJANTPHARM,2981.10009765625,3025.10009765625,2900.0,2976.5,108169
2026-06-03,JBCHEPHARM,2121.0,2149.199951171875,2104.0,2140.0,250200
2026-06-04,JBCHEPHARM,2124.0,2163.39990234375,2121.699951171875,2133.699951171875,420680
2026-06-05,JBCHEPHARM,2145.5,2184.0,2124.89990234375,2169.300048828125,188786
2026-06-03,GRASIM,3099.0,3114.89990234375,3060.0,3101.60009765625,460368
2026-06-04,GRASIM,3100.10009765625,3138.800048828125,3085.800048828125,3103.5,957529
2026-06-05,GRASIM,3109.0,3124.60009765625,3066.199951171875,3087.699951171875,697168
2026-06-03,RVNL,241.39999389648438,241.52000427246094,233.0500030517578,239.02000427246094,13120281
2026-06-04,RVNL,237.0,240.6699981689453,235.85000610351562,236.4600067138672,12057009
2026-06-05,RVNL,237.02000427246094,238.61000061035156,233.8000030517578,235.61000061035156,11139995
2026-06-03,HCLTECH,1228.800048828125,1230.0,1176.800048828125,1179.0,4800922
2026-06-04,HCLTECH,1166.4000244140625,1176.5,1158.199951171875,1168.300048828125,2025595
2026-06-05,HCLTECH,1179.0,1182.5,1147.0,1154.699951171875,1971395
2026-06-03,SRF,2740.10009765625,2758.0,2711.60009765625,2718.39990234375,530894
2026-06-04,SRF,2706.0,2739.0,2693.699951171875,2726.60009765625,316793
2026-06-05,SRF,2745.0,2745.0,2692.0,2704.89990234375,162064
2026-06-03,EICHERMOT,7139.5,7178.0,7045.0,7130.0,413545
2026-06-04,EICHERMOT,7105.0,7156.0,7030.5,7110.0,429763
2026-06-05,EICHERMOT,7140.0,7150.0,7029.0,7070.0,422329
2026-06-03,GODREJPROP,1730.0,1730.0,1665.5,1704.800048828125,689274
2026-06-04,GODREJPROP,1698.0999755859375,1722.199951171875,1683.0,1694.300048828125,419328
2026-06-05,GODREJPROP,1705.0,1739.0,1695.199951171875,1708.300048828125,639417
2026-06-03,TATATECH,741.0,741.0,705.7999877929688,731.0499877929688,1460058
2026-06-04,TATATECH,727.7000122070312,751.6500244140625,720.0,748.3499755859375,1787739
2026-06-05,TATATECH,750.6500244140625,776.0,750.0,771.2000122070312,3001493
2026-06-03,BAJFINANCE,882.0,882.0,863.5,876.7999877929688,14747769
2026-06-04,BAJFINANCE,870.2000122070312,879.1500244140625,868.0,874.4000244140625,9676279
2026-06-05,BAJFINANCE,874.0,913.0,874.0,889.4000244140625,13274646
2026-06-03,TECHM,1549.0999755859375,1554.699951171875,1467.5999755859375,1472.300048828125,3493572
2026-06-04,TECHM,1460.0,1499.699951171875,1453.0999755859375,1487.300048828125,2061503
2026-06-05,TECHM,1508.699951171875,1524.0,1467.9000244140625,1483.5,2201977
2026-06-03,EMAMILTD,392.6499938964844,393.5,379.70001220703125,390.75,694806
2026-06-04,EMAMILTD,387.0,392.95001220703125,386.04998779296875,390.70001220703125,201540
2026-06-05,EMAMILTD,391.45001220703125,391.8999938964844,383.04998779296875,384.79998779296875,424482
2026-06-03,ULTRACEMCO,11180.0,11239.0,11020.0,11101.0,412934
2026-06-04,ULTRACEMCO,11060.0,11150.0,10961.0,10997.0,541327
2026-06-05,ULTRACEMCO,11100.0,11121.0,10846.0,10912.0,424664
2026-06-03,SBINEQWETF,32.83000183105469,32.83000183105469,32.18000030517578,32.540000915527344,220345
2026-06-04,SBINEQWETF,32.70000076293945,32.75,32.400001525878906,32.5099983215332,73017
2026-06-05,SBINEQWETF,32.5099983215332,32.790000915527344,32.33000183105469,32.5099983215332,272780
2026-06-03,AUROPHARMA,1432.5,1458.0,1419.199951171875,1440.4000244140625,969156
2026-06-04,AUROPHARMA,1442.0999755859375,1482.0,1431.5999755859375,1463.5999755859375,931335
2026-06-05,AUROPHARMA,1483.9000244140625,1496.5,1456.0,1462.300048828125,1282019
2026-06-03,LICHSGFIN,535.0,544.5499877929688,523.5499877929688,541.25,1832015
2026-06-04,LICHSGFIN,541.0,547.75,536.4500122070312,545.5499877929688,1251639
2026-06-05,LICHSGFIN,546.0,552.7000122070312,542.7999877929688,549.75,2983748
2026-06-03,ELGIEQUIP,591.0,607.0,580.3499755859375,601.2000122070312,1223194
2026-06-04,ELGIEQUIP,599.4000244140625,629.9000244140625,597.2000122070312,622.1500244140625,1850678
2026-06-05,ELGIEQUIP,622.9500122070312,631.7000122070312,608.4000244140625,610.2999877929688,378367
2026-06-03,METROPOLIS,538.0,541.7000122070312,527.0499877929688,536.1500244140625,72278
2026-06-04,METROPOLIS,530.0999755859375,551.0,530.0999755859375,544.1500244140625,212806
2026-06-05,METROPOLIS,544.1500244140625,554.2000122070312,530.4000244140625,533.2000122070312,163325
2026-06-03,IOC,138.19000244140625,138.3300018310547,136.60000610351562,137.3800048828125,14280727
2026-06-04,IOC,137.69000244140625,139.99000549316406,136.8000030517578,138.9499969482422,10664527
2026-06-05,IOC,139.0,139.38999938964844,137.63999938964844,138.25999450683594,10644029
2026-06-03,TATACHEM,738.0999755859375,740.0,715.0,719.75,461010
2026-06-04,TATACHEM,719.0499877929688,727.7999877929688,716.2999877929688,720.5,262176
2026-06-05,TATACHEM,725.0,728.75,709.2000122070312,719.2999877929688,439098
2026-06-03,JUBLFOOD,430.75,437.3999938964844,427.20001220703125,432.29998779296875,3809632
2026-06-04,JUBLFOOD,432.3500061035156,436.95001220703125,426.29998779296875,430.29998779296875,2129882
2026-06-05,JUBLFOOD,430.6499938964844,434.6499938964844,425.1000061035156,427.20001220703125,1318907
2026-06-03,IDEA,14.180000305175781,15.09000015258789,14.0600004196167,14.850000381469727,58420870
2026-06-04,IDEA,14.899999618530273,15.1899995803833,14.880000114440918,14.930000305175781,860152052
2026-06-05,IDEA,15.079999923706055,15.25,14.920000076293945,14.949999809265137,685576040
2026-06-03,PIIND,2731.0,2755.199951171875,2690.10009765625,2738.300048828125,305817
2026-06-04,PIIND,2730.0,2742.89990234375,2696.0,2707.5,360916
2026-06-05,PIIND,2710.10009765625,2768.199951171875,2710.10009765625,2717.89990234375,100881
2026-06-03,CGPOWER,912.9500122070312,914.5999755859375,890.4500122070312,906.6500244140625,3685445
2026-06-04,CGPOWER,915.0,951.0,906.75,937.9000244140625,8471887
2026-06-05,CGPOWER,948.8499755859375,952.0,928.5999755859375,937.8499755859375,4645742
2026-06-03,HINDZINC,622.0,628.0,607.25,610.5499877929688,3429070
2026-06-04,HINDZINC,609.0,613.2999877929688,601.75,603.8499755859375,2045867
2026-06-05,HINDZINC,605.0,605.5499877929688,564.0,566.7999877929688,10696453
2026-06-03,AMBUJACEM,438.20001220703125,440.5,424.0,426.95001220703125,8611792
2026-06-04,AMBUJACEM,425.8999938964844,429.79998779296875,423.6499938964844,426.3500061035156,2808700
2026-06-05,AMBUJACEM,430.0,430.45001220703125,415.0,417.54998779296875,7371968
2026-06-03,AUBANK,975.4000244140625,975.9500122070312,941.4000244140625,970.5999755859375,2372021
2026-06-04,AUBANK,967.8499755859375,968.25,954.0,962.0499877929688,1509167
2026-06-05,AUBANK,962.4500122070312,982.0,960.9000244140625,969.4000244140625,1989735
2026-06-03,JSWENERGY,587.9005320213503,588.4486556062116,569.4632385948954,578.2333984375,1997491
2026-06-04,JSWENERGY,576.0408439557402,592.3354005909983,570.7090023438612,588.0499877929688,2592199
2026-06-05,JSWENERGY,591.0,592.9000244140625,575.75,584.2000122070312,1509598
2026-06-03,JSWSTEEL,1315.0,1318.5,1297.300048828125,1312.9000244140625,814920
2026-06-04,JSWSTEEL,1311.0,1314.0,1294.199951171875,1301.0999755859375,958385
2026-06-05,JSWSTEEL,1301.0999755859375,1309.800048828125,1266.5,1284.0,1618038
2026-06-03,WHIRLPOOL,829.0,829.4500122070312,808.4500122070312,818.5,91944
2026-06-04,WHIRLPOOL,815.0,817.7000122070312,804.0499877929688,808.6500244140625,247674
2026-06-05,WHIRLPOOL,809.9500122070312,815.8499755859375,798.0,800.1500244140625,114633
2026-06-03,HINDUNILVR,2092.0,2099.60009765625,2072.199951171875,2090.60009765625,1544973
2026-06-04,HINDUNILVR,2089.0,2110.89990234375,2073.5,2079.39990234375,2142735
2026-06-05,HINDUNILVR,2086.699951171875,2127.5,2077.199951171875,2121.5,1822999
2026-06-03,NAUKRI,1010.0999755859375,1020.0,989.4000244140625,1006.0499877929688,2369632
2026-06-04,NAUKRI,995.0,1022.3499755859375,992.3499755859375,1008.8499755859375,934260
2026-06-05,NAUKRI,1018.9000244140625,1019.9000244140625,985.3499755859375,988.4500122070312,1456438
2026-06-03,RAYMOND,533.7000122070312,536.7000122070312,512.9000244140625,514.9500122070312,431005
2026-06-04,RAYMOND,510.0,534.5999755859375,510.0,521.75,544014
2026-06-05,RAYMOND,521.7999877929688,525.4500122070312,506.0,510.1000061035156,559109
2026-06-03,OBEROIRLTY,1670.0,1670.0,1618.199951171875,1637.4000244140625,280743
2026-06-04,OBEROIRLTY,1625.5,1646.800048828125,1620.800048828125,1631.9000244140625,212157
2026-06-05,OBEROIRLTY,1628.5,1657.0,1626.5999755859375,1633.4000244140625,241380
2026-06-03,SAIL,206.69000244140625,206.89999389648438,200.7100067138672,203.8699951171875,10280547
2026-06-04,SAIL,203.39999389648438,205.5,195.77000427246094,197.30999755859375,38406537
2026-06-05,SAIL,197.5,198.1999969482422,188.25,190.55999755859375,20088924
2026-06-03,GRANULES,782.0,797.0,780.4500122070312,793.7999877929688,769581
2026-06-04,GRANULES,794.75,797.4000244140625,781.5999755859375,791.3499755859375,504165
2026-06-05,GRANULES,797.0,797.9000244140625,777.3499755859375,789.8499755859375,591926
2026-06-03,HEG,553.2000122070312,563.4500122070312,544.4000244140625,553.0499877929688,929414
2026-06-04,HEG,552.0,552.5,540.5999755859375,544.5999755859375,859033
2026-06-05,HEG,547.0,549.5499877929688,538.0,539.4500122070312,507406
2026-06-03,COFORGE,1490.0,1490.0,1417.0,1420.9000244140625,4844251
2026-06-04,COFORGE,1410.0,1443.0999755859375,1391.0,1436.5,2111985
2026-06-05,COFORGE,1453.699951171875,1473.300048828125,1424.5999755859375,1435.5,2525034
2026-06-03,TATACONSUM,1160.0,1163.9000244140625,1140.5,1144.0,1872463
2026-06-04,TATACONSUM,1135.0,1163.4000244140625,1135.0,1149.300048828125,1711734
2026-06-05,TATACONSUM,1149.800048828125,1156.0,1129.0,1130.9000244140625,998276
2026-06-03,SUNPHARMA,1781.0,1796.300048828125,1756.800048828125,1788.5,4209769
2026-06-04,SUNPHARMA,1787.0,1793.4000244140625,1768.5999755859375,1780.0999755859375,2343536
2026-06-05,SUNPHARMA,1789.0,1802.9000244140625,1779.0,1782.199951171875,2495159
2026-06-03,BANDHANBNK,208.0,209.44000244140625,201.0,207.6199951171875,11101299
2026-06-04,BANDHANBNK,207.0,207.0500030517578,203.82000732421875,205.44000244140625,4284782
2026-06-05,BANDHANBNK,205.5500030517578,208.9499969482422,203.36000061035156,205.8699951171875,6152884
2026-06-03,KIRLOSBROS,1620.4000244140625,1633.5999755859375,1596.4000244140625,1614.0999755859375,29561
2026-06-04,KIRLOSBROS,1614.0999755859375,1657.4000244140625,1614.0999755859375,1624.0999755859375,50507
2026-06-05,KIRLOSBROS,1634.300048828125,1757.0,1633.5999755859375,1711.0999755859375,546682
2026-06-03,DELHIVERY,438.1000061035156,442.3500061035156,432.8999938964844,437.8999938964844,1724002
2026-06-04,DELHIVERY,437.8999938964844,444.3999938964844,434.20001220703125,438.3500061035156,1413713
2026-06-05,DELHIVERY,439.20001220703125,448.6499938964844,439.20001220703125,445.25,1117852
2026-06-03,HAVELLS,1184.199951171875,1184.199951171875,1153.300048828125,1156.4000244140625,873609
2026-06-04,HAVELLS,1145.699951171875,1176.800048828125,1137.0,1166.4000244140625,645046
2026-06-05,HAVELLS,1177.5999755859375,1177.5999755859375,1147.800048828125,1150.5,751308
2026-06-03,MARUTI,13014.0,13206.0,12911.0,13044.0,607808
2026-06-04,MARUTI,12990.0,13264.0,12949.0,13064.0,465070
2026-06-05,MARUTI,13151.0,13175.0,12915.0,13050.0,295703
2026-06-03,RELIANCE,1308.9480145168118,1317.906594083847,1295.0124463014238,1307.15625,20012293
2026-06-04,RELIANCE,1295.0124259474096,1305.1654340270677,1287.1487597049047,1297.699951171875,23474327
2026-06-05,RELIANCE,1304.5,1306.0,1288.0,1291.0,17785223
2026-06-03,TORNTPOWER,1424.0,1452.699951171875,1416.0999755859375,1436.699951171875,394473
2026-06-04,TORNTPOWER,1444.0,1466.5999755859375,1431.199951171875,1440.0,426148
2026-06-05,TORNTPOWER,1455.0,1474.0,1447.199951171875,1460.0999755859375,233670
2026-06-03,JKTYRE,386.0,387.6000061035156,380.1499938964844,386.0,1072135
2026-06-04,JKTYRE,382.0,387.3999938964844,378.0,385.54998779296875,982799
2026-06-05,JKTYRE,387.6000061035156,389.29998779296875,380.25,381.8500061035156,750354
2026-06-03,DIXON,11620.0,11640.0,11153.0,11227.0,524162
2026-06-04,DIXON,11202.0,11560.0,11155.0,11488.0,518693
2026-06-05,DIXON,11524.0,11683.0,11403.0,11432.0,378237
2026-06-03,HDFCAMC,2528.202933821355,2528.3008889938733,2410.7714060262856,2456.276123046875,1184566
2026-06-04,HDFCAMC,2442.086465886018,2493.952057026855,2432.594131894196,2468.89990234375,661317
2026-06-05,HDFCAMC,2483.800048828125,2506.199951171875,2465.60009765625,2495.89990234375,1100160
2026-06-03,IDFCFIRSTB,71.3499984741211,72.06999969482422,69.76000213623047,71.77999877929688,23974665
2026-06-04,IDFCFIRSTB,71.20999908447266,72.7699966430664,71.0,72.16000366210938,19743553
2026-06-05,IDFCFIRSTB,72.16000366210938,72.9000015258789,71.81999969482422,72.3499984741211,28670926
2026-06-03,ADANIPORTS,1829.4000244140625,1840.0,1781.9000244140625,1803.800048828125,2967709
2026-06-04,ADANIPORTS,1794.300048828125,1826.4000244140625,1786.199951171875,1790.9000244140625,1369988
2026-06-05,ADANIPORTS,1801.5,1827.9000244140625,1796.699951171875,1824.199951171875,1640762
2026-06-03,INDHOTEL,661.5499877929688,661.5499877929688,649.0499877929688,656.2999877929688,1595640
2026-06-04,INDHOTEL,652.0,663.7000122070312,649.5499877929688,661.5499877929688,2091666
2026-06-05,INDHOTEL,664.0,668.5,652.5999755859375,657.5999755859375,1151265
2026-06-03,LTTS,3490.0,3490.0,3275.300048828125,3299.199951171875,148396
2026-06-04,LTTS,3279.89990234375,3326.5,3255.0,3272.10009765625,80443
2026-06-05,LTTS,3299.800048828125,3365.0,3200.0,3212.699951171875,151344
2026-06-03,M&MFIN,294.29998779296875,294.8500061035156,283.0,290.54998779296875,2723815
2026-06-04,M&MFIN,289.29998779296875,294.75,287.1000061035156,289.04998779296875,1933616
2026-06-05,M&MFIN,291.0,297.1000061035156,288.1499938964844,289.8500061035156,2760322
2026-06-03,BIOCON,415.0,417.3500061035156,411.1499938964844,412.45001220703125,2368146
2026-06-04,BIOCON,413.3999938964844,419.5,406.04998779296875,416.04998779296875,2493074
2026-06-05,BIOCON,416.29998779296875,425.0,411.5,412.29998779296875,2479909
2026-06-03,BSE,3935.5,4018.0,3855.0,3966.10009765625,5058668
2026-06-04,BSE,3949.0,4104.89990234375,3926.39990234375,4033.39990234375,4245472
2026-06-05,BSE,4053.0,4121.0,3822.89990234375,3880.0,6658969
2026-06-03,BDL,1204.0,1230.0,1181.300048828125,1227.0,1438421
2026-06-04,BDL,1219.699951171875,1243.699951171875,1210.0,1212.800048828125,1629614
2026-06-05,BDL,1213.0,1233.199951171875,1200.0,1207.4000244140625,1506663
2026-06-03,PRESTIGE,1399.0,1399.0,1336.199951171875,1345.5999755859375,630966
2026-06-04,PRESTIGE,1330.0,1364.5999755859375,1325.0,1356.800048828125,376491
2026-06-05,PRESTIGE,1368.9000244140625,1409.5,1356.9000244140625,1381.0999755859375,880762
2026-06-03,MFSL,1588.5999755859375,1588.5999755859375,1541.0,1559.5999755859375,882314
2026-06-04,MFSL,1546.0,1596.5999755859375,1541.0,1581.5,649677
2026-06-05,MFSL,1580.0999755859375,1622.4000244140625,1576.0,1604.199951171875,310836
2026-06-03,WIPRO,208.0,208.39999389648438,202.0,204.10000610351562,62282204
2026-06-04,WIPRO,203.0,205.08999633789062,202.10000610351562,204.32000732421875,40659957
2026-06-05,WIPRO,191.52000427246094,199.0,188.14999389648438,198.3699951171875,43539069
2026-06-03,INDIGO,4440.10009765625,4565.0,4390.0,4512.10009765625,808155
2026-06-04,INDIGO,4500.0,4537.0,4460.7001953125,4508.7998046875,565503
2026-06-05,INDIGO,4492.0,4517.7998046875,4442.39990234375,4481.2998046875,788870
2026-06-03,ENRIN,3641.39990234375,3789.89990234375,3623.300048828125,3686.60009765625,1027266
2026-06-04,ENRIN,3697.60009765625,3818.89990234375,3690.0,3700.89990234375,627759
2026-06-05,ENRIN,3730.10009765625,3775.0,3631.0,3647.89990234375,356760
2026-06-03,INFY,1242.0999755859375,1249.9000244140625,1216.0,1222.5999755859375,18534303
2026-06-04,INFY,1208.0,1215.199951171875,1196.199951171875,1201.300048828125,12755957
2026-06-05,INFY,1220.0,1223.800048828125,1194.300048828125,1197.5,8692290
2026-06-03,CHOLAFIN,1494.0,1494.0,1444.5999755859375,1470.5999755859375,1078181
2026-06-04,CHOLAFIN,1465.0999755859375,1494.0,1452.300048828125,1486.0,871155
2026-06-05,CHOLAFIN,1486.5,1549.0,1480.0999755859375,1503.199951171875,2458256
2026-06-03,HAL,4295.5,4296.7998046875,4209.60009765625,4264.10009765625,1122282
2026-06-04,HAL,4260.0,4297.0,4176.10009765625,4191.0,718095
2026-06-05,HAL,4219.0,4262.5,4205.2998046875,4216.89990234375,492608
2026-06-03,SONACOMS,615.0,615.1500244140625,599.5499877929688,603.4500122070312,1008198
2026-06-04,SONACOMS,597.4500122070312,612.3499755859375,597.4500122070312,601.1500244140625,1684599
2026-06-05,SONACOMS,605.0499877929688,609.4000244140625,599.0,602.2999877929688,1525449
2026-06-03,BANKBARODA,255.6318327578467,261.44384879430294,252.62895189338917,260.4267578125,17903043
2026-06-04,BANKBARODA,259.11905601803744,263.6718138735858,258.00509215679057,262.79998779296875,16143314
2026-06-05,BANKBARODA,264.95001220703125,269.3999938964844,262.79998779296875,263.70001220703125,23279313
2026-06-03,PIDILITIND,1450.0,1473.199951171875,1444.5,1469.199951171875,836338
2026-06-04,PIDILITIND,1457.4000244140625,1478.5999755859375,1457.199951171875,1471.0999755859375,646986
2026-06-05,PIDILITIND,1475.0,1485.5,1466.300048828125,1476.5999755859375,489330
2026-06-03,LICI,400.70001220703125,404.79998779296875,397.5,402.8999938964844,4244501
2026-06-04,LICI,400.5,401.5,396.6000061035156,398.6499938964844,3174167
2026-06-05,LICI,395.8999938964844,403.0,395.1000061035156,399.8999938964844,3180615
2026-06-03,GODREJCP,999.2000122070312,1003.7999877929688,975.4000244140625,986.5,1265930
2026-06-04,GODREJCP,980.5,1002.7000122070312,980.5,995.4000244140625,1081172
2026-06-05,GODREJCP,1002.5,1002.5,985.5,998.0,645131
2026-06-03,NLCINDIA,349.5,352.8500061035156,338.6499938964844,346.0,3487960
2026-06-04,NLCINDIA,343.70001220703125,345.75,337.6000061035156,338.6000061035156,2832700
2026-06-05,NLCINDIA,340.5,347.8999938964844,333.3500061035156,336.6000061035156,3367303
2026-06-03,SHRIRAMFIN,912.6500244140625,915.9000244140625,888.9000244140625,912.9500122070312,6951317
2026-06-04,SHRIRAMFIN,907.9500122070312,919.9000244140625,903.0499877929688,915.7999877929688,3666582
2026-06-05,SHRIRAMFIN,920.0999755859375,944.9000244140625,916.1500244140625,923.2999877929688,5769377
2026-06-03,RECLTD,325.79998779296875,327.5,322.6000061035156,325.6499938964844,4526029
2026-06-04,RECLTD,325.6499938964844,336.20001220703125,325.1000061035156,335.20001220703125,8844070
2026-06-05,RECLTD,336.79998779296875,346.79998779296875,336.20001220703125,343.8999938964844,11008792
2026-06-03,NHPC,75.55999755859375,76.16999816894531,74.5,75.0999984741211,170970500
2026-06-04,NHPC,74.33000183105469,76.69000244140625,74.26000213623047,76.12000274658203,103835465
2026-06-05,NHPC,76.11000061035156,76.68000030517578,73.93000030517578,74.97000122070312,54245677
2026-06-03,UPL,641.2999877929688,648.0,634.5,646.0499877929688,2055293
2026-06-04,UPL,642.75,646.5,636.3499755859375,639.1500244140625,1291962
2026-06-05,UPL,643.0,644.0499877929688,630.0,637.4500122070312,2556112
2026-06-03,TATACOMM,1906.199951171875,1960.0,1905.9000244140625,1933.699951171875,764419
2026-06-04,TATACOMM,1942.5,2008.800048828125,1919.0,1985.9000244140625,902558
2026-06-05,TATACOMM,2000.0,2029.699951171875,1960.699951171875,1972.699951171875,951148
2026-06-03,COLPAL,1997.0,2022.800048828125,1984.5999755859375,2018.5999755859375,308158
2026-06-04,COLPAL,2018.300048828125,2032.300048828125,1995.0,2004.4000244140625,321958
2026-06-05,COLPAL,2016.0,2020.9000244140625,1991.0,1999.5,174541
2026-06-03,HINDCOPPER,550.0,551.5,535.0499877929688,545.4000244140625,3349872
2026-06-04,HINDCOPPER,541.0,545.25,537.5,541.4000244140625,2480535
2026-06-05,HINDCOPPER,538.0,541.0999755859375,522.75,526.3499755859375,3321996
2026-06-03,DRREDDY,1269.5,1275.199951171875,1256.9000244140625,1263.300048828125,1226407
2026-06-04,DRREDDY,1257.300048828125,1274.9000244140625,1248.4000244140625,1267.5,944045
2026-06-05,DRREDDY,1273.0,1289.4000244140625,1268.5,1278.199951171875,774687
2026-06-03,POLICYBZR,1653.0,1661.4000244140625,1551.5999755859375,1578.5,3301345
2026-06-04,POLICYBZR,1578.5,1591.5,1526.5,1536.300048828125,1465703
2026-06-05,POLICYBZR,1500.0,1560.5,1499.9000244140625,1534.0999755859375,4348433
2026-06-03,FCL,42.689998626708984,44.439998626708984,42.599998474121094,43.540000915527344,29794119
2026-06-04,FCL,43.25,43.869998931884766,40.36000061035156,41.029998779296875,20805048
2026-06-05,FCL,41.29999923706055,41.75,40.060001373291016,40.72999954223633,15341694
2026-06-03,GILLETTE,7799.0,7799.0,7655.0,7719.0,12415
2026-06-04,GILLETTE,7705.5,7809.5,7655.0,7706.5,9882
2026-06-05,GILLETTE,7738.0,7805.5,7707.0,7763.0,34944
2026-06-03,GLAXO,2190.10009765625,2198.10009765625,2165.0,2181.0,53254
2026-06-04,GLAXO,2170.0,2188.5,2162.39990234375,2166.60009765625,38689
2026-06-05,GLAXO,2167.60009765625,2185.0,2160.0,2164.10009765625,28741
2026-06-03,ALKEM,5255.0,5297.0,5162.5,5274.0,167288
2026-06-04,ALKEM,5274.0,5339.0,5213.5,5276.5,150489
2026-06-05,ALKEM,5299.5,5338.5,5222.5,5251.5,143792
2026-06-03,IGL,161.25,162.6199951171875,159.33999633789062,161.47999572753906,2599029
2026-06-04,IGL,160.5,163.2899932861328,160.10000610351562,162.0500030517578,1213043
2026-06-05,IGL,162.14999389648438,165.39999389648438,161.97999572753906,164.32000732421875,2353993
2026-06-03,MOTHERSON,144.67999267578125,146.25,141.75,145.61000061035156,19595325
2026-06-04,MOTHERSON,144.8800048828125,147.39999389648438,143.63999938964844,144.30999755859375,17953489
2026-06-05,MOTHERSON,144.64999389648438,146.14999389648438,143.0,143.55999755859375,13743288
2026-06-03,LUPIN,2248.60009765625,2265.0,2235.0,2261.199951171875,570270
2026-06-04,LUPIN,2261.60009765625,2270.800048828125,2244.699951171875,2249.800048828125,663261
2026-06-05,LUPIN,2275.39990234375,2306.300048828125,2260.0,2267.699951171875,1024417
2026-06-03,SUNDARMFIN,4245.0,4250.0,4115.0,4169.5,83380
2026-06-04,SUNDARMFIN,4169.5,4218.89990234375,4090.0,4103.10009765625,105514
2026-06-05,SUNDARMFIN,4109.0,4200.0,4089.89990234375,4105.39990234375,131572
2026-06-03,TRENT,2813.333251953125,2856.533447265625,2776.666748046875,2838.39990234375,817263
2026-06-04,TRENT,2830.0,2849.0,2751.0,2837.60009765625,1567328
2026-06-05,TRENT,2830.0,2837.5,2753.0,2774.199951171875,1346639
2026-06-03,VAIBHAVGBL,237.0,237.60000610351562,224.25,230.89999389648438,534581
2026-06-04,VAIBHAVGBL,230.60000610351562,239.8000030517578,229.05999755859375,232.55999755859375,442976
2026-06-05,VAIBHAVGBL,233.0,234.9600067138672,227.14999389648438,228.4600067138672,242356
2026-06-03,CUMMINSIND,5741.0,5749.0,5657.0,5692.5,384967
2026-06-04,CUMMINSIND,5700.0,5867.5,5662.5,5787.5,502845
2026-06-05,CUMMINSIND,5845.0,5869.0,5750.0,5784.0,381090
2026-06-03,BALKRISIND,2145.0,2216.0,2145.0,2200.39990234375,111771
2026-06-04,BALKRISIND,2200.39990234375,2205.0,2176.5,2191.89990234375,141678
2026-06-05,BALKRISIND,2204.0,2236.0,2135.0,2142.0,196497
2026-06-03,POWERINDIA,35350.0,36110.0,35010.0,35190.0,235330
2026-06-04,POWERINDIA,35705.0,37360.0,35510.0,36525.0,254549
2026-06-05,POWERINDIA,36940.0,37440.0,36600.0,36870.0,109445
2026-06-03,GAIL,164.0,164.82000732421875,162.72000122070312,163.86000061035156,4684045
2026-06-04,GAIL,161.5399932861328,168.14999389648438,161.5399932861328,167.5500030517578,11510123
2026-06-05,GAIL,168.0,170.1300048828125,166.60000610351562,167.39999389648438,8047086
2026-06-03,TORNTPHARM,4317.89990234375,4389.89990234375,4284.10009765625,4368.5,405210
2026-06-04,TORNTPHARM,4389.0,4425.0,4328.10009765625,4339.89990234375,595200
2026-06-05,TORNTPHARM,4350.0,4453.5,4323.0,4420.89990234375,425216
2026-06-03,NYKAA,268.8500061035156,270.3999938964844,263.8999938964844,269.3999938964844,4025633
2026-06-04,NYKAA,268.95001220703125,270.25,265.8999938964844,267.54998779296875,2992032
2026-06-05,NYKAA,269.0,269.8500061035156,261.25,262.29998779296875,1817319
2026-06-03,VOLTAS,1239.800048828125,1241.4000244140625,1207.5999755859375,1235.0,562073
2026-06-04,VOLTAS,1224.0,1307.9000244140625,1218.0,1286.5,3317048
2026-06-05,VOLTAS,1290.699951171875,1310.0,1288.300048828125,1298.300048828125,1415362
2026-06-03,DIVISLAB,6520.0,6604.5,6460.0,6576.5,563313
2026-06-04,DIVISLAB,6551.0,6700.0,6521.0,6596.5,347823
2026-06-05,DIVISLAB,6636.5,6636.5,6567.0,6623.0,200964
2026-06-03,SUZLON,54.52000045776367,55.040000915527344,53.25,54.400001525878906,90350201
2026-06-04,SUZLON,54.25,56.0,54.029998779296875,55.619998931884766,119119491
2026-06-05,SUZLON,55.79999923706055,56.119998931884766,55.099998474121094,55.310001373291016,72836939
2026-06-03,KALYANKJIL,352.5,354.95001220703125,343.6000061035156,353.0,8384944
2026-06-04,KALYANKJIL,351.5,371.70001220703125,350.45001220703125,362.1000061035156,14354554
2026-06-05,KALYANKJIL,367.0,374.25,361.8500061035156,371.8500061035156,8220311
2026-06-03,M&M,2996.0,3029.5,2965.0,3011.10009765625,3110137
2026-06-04,M&M,2985.0,3067.10009765625,2974.199951171875,3016.10009765625,2788572
2026-06-05,M&M,3039.89990234375,3059.0,3012.699951171875,3040.5,1685633
2026-06-03,TATSILV,25.149999618530273,25.350000381469727,25.0,25.030000686645508,43377650
2026-06-04,TATSILV,25.299999237060547,25.350000381469727,24.8700008392334,25.0,35321060
2026-06-05,TATSILV,25.479999542236328,25.479999542236328,24.440000534057617,24.700000762939453,43243980
2026-06-03,IDBI,73.4000015258789,73.80000305175781,71.69999694824219,73.41000366210938,4852952
2026-06-04,IDBI,73.38999938964844,73.88999938964844,72.80000305175781,72.94000244140625,3611157
2026-06-05,IDBI,73.4000015258789,75.23999786376953,72.5999984741211,73.08000183105469,8253817
2026-06-03,MPHASIS,2336.699951171875,2358.0,2281.0,2288.5,595642
2026-06-04,MPHASIS,2261.5,2328.5,2245.0,2315.89990234375,506785
2026-06-05,MPHASIS,2328.5,2355.699951171875,2307.39990234375,2330.0,341938
2026-06-03,PERSISTENT,5380.0,5380.0,5076.0,5097.5,768497
2026-06-04,PERSISTENT,5050.0,5186.5,4978.0,5121.5,380369
2026-06-05,PERSISTENT,5199.0,5233.5,5011.0,5038.5,423726
2026-06-03,AXISBANK,1245.0999755859375,1264.800048828125,1230.300048828125,1255.199951171875,7953326
2026-06-04,AXISBANK,1246.0,1259.9000244140625,1244.0999755859375,1253.300048828125,6392593
2026-06-05,AXISBANK,1260.0,1276.0,1252.0999755859375,1272.300048828125,7825303
2026-06-03,PFC,413.0,418.54998779296875,408.45001220703125,416.6000061035156,5373519
2026-06-04,PFC,416.0,428.8999938964844,416.0,424.45001220703125,6886255
2026-06-05,PFC,425.1499938964844,438.5,425.1499938964844,431.75,10804549
2026-06-03,PHOENIXLTD,1699.9000244140625,1721.5,1675.0,1710.4000244140625,280481
2026-06-04,PHOENIXLTD,1710.4000244140625,1747.800048828125,1684.699951171875,1729.199951171875,386686
2026-06-05,PHOENIXLTD,1720.0,1786.0,1720.0,1751.0999755859375,471808
2026-06-03,MRPL,147.0,157.5,147.0,154.16000366210938,26026182
2026-06-04,MRPL,154.14999389648438,158.85000610351562,153.58999633789062,156.58999633789062,8323023
2026-06-05,MRPL,157.22000122070312,158.5,154.0500030517578,154.89999389648438,3985931
2026-06-03,BHARATFORG,1908.0999755859375,1948.9000244140625,1893.9000244140625,1936.5,808066
2026-06-04,BHARATFORG,1936.5,1988.5,1931.5,1937.5,1347808
2026-06-05,BHARATFORG,1928.0999755859375,1952.0,1917.0999755859375,1929.800048828125,380703
2026-06-03,PVRINOX,985.2000122070312,985.7999877929688,965.0499877929688,978.9000244140625,111783
2026-06-04,PVRINOX,972.0,984.0499877929688,972.0,976.3499755859375,67202
2026-06-05,PVRINOX,976.3499755859375,999.5,969.9500122070312,973.25,199664
2026-06-03,NATIONALUM,437.20001220703125,441.95001220703125,431.29998779296875,436.8999938964844,7827914
2026-06-04,NATIONALUM,434.0,436.8500061035156,412.54998779296875,414.0,13706598
2026-06-05,NATIONALUM,412.5,412.5,391.5,395.70001220703125,14357059
2026-06-03,SHREECEM,24950.0,24960.0,24500.0,24775.0,26132
2026-06-04,SHREECEM,24605.0,24805.0,24415.0,24485.0,28175
2026-06-05,SHREECEM,24625.0,24690.0,24030.0,24085.0,22308
2026-06-03,ESCORTS,2754.0,2790.300048828125,2736.60009765625,2765.0,97842
2026-06-04,ESCORTS,2765.0,2787.89990234375,2746.0,2751.10009765625,78819
2026-06-05,ESCORTS,2765.0,2799.0,2751.60009765625,2781.5,112142
2026-06-03,BRITANNIA,5130.0,5142.5,5050.0,5064.0,334445
2026-06-04,BRITANNIA,5051.5,5119.5,5035.0,5090.0,300651
2026-06-05,BRITANNIA,5095.0,5135.0,5071.0,5120.5,159398
2026-06-03,BOSCHLTD,37220.0,38350.0,36735.0,37760.0,41647
2026-06-04,BOSCHLTD,37755.0,38100.0,36875.0,37000.0,30639
2026-06-05,BOSCHLTD,37320.0,37475.0,36600.0,37240.0,26904
2026-06-03,JINDALSTEL,1213.199951171875,1218.9000244140625,1190.0,1211.300048828125,489001
2026-06-04,JINDALSTEL,1210.800048828125,1213.5999755859375,1195.0,1197.199951171875,611274
2026-06-05,JINDALSTEL,1199.4000244140625,1204.699951171875,1165.4000244140625,1181.300048828125,1034889
2026-06-03,TATAGOLD,15.199999809265137,15.199999809265137,14.949999809265137,14.979999542236328,51680110
2026-06-04,TATAGOLD,15.140000343322754,15.140000343322754,14.970000267028809,15.069999694824219,38984244
2026-06-05,TATAGOLD,15.4399995803833,15.4399995803833,14.930000305175781,15.0,42858552
2026-06-03,CANBK,129.14999389648438,132.25,127.23999786376953,131.85000610351562,38359464
2026-06-04,CANBK,131.0,133.4499969482422,129.72999572753906,133.1199951171875,24944436
2026-06-05,CANBK,133.1999969482422,136.39999389648438,133.0399932861328,135.80999755859375,47139920
2026-06-03,TATAINVEST,670.5499877929688,673.8499755859375,656.2000122070312,665.2000122070312,238063
2026-06-04,TATAINVEST,663.2999877929688,676.7999877929688,661.5,666.6500244140625,229165
2026-06-05,TATAINVEST,667.2000122070312,677.9000244140625,665.2000122070312,669.7000122070312,208835
2026-06-03,RITES,202.2100067138672,202.2100067138672,199.10000610351562,199.7899932861328,457522
2026-06-04,RITES,199.5,201.80999755859375,199.2100067138672,200.22000122070312,266298
2026-06-05,RITES,201.99000549316406,215.39999389648438,201.0,210.49000549316406,10631207
2026-06-03,RBLBANK,344.1499938964844,351.70001220703125,337.04998779296875,348.20001220703125,4863148
2026-06-04,RBLBANK,348.0,356.0,345.3500061035156,353.75,5254858
2026-06-05,RBLBANK,355.79998779296875,356.79998779296875,347.5,351.3500061035156,4035165
2026-06-03,ONGC,265.1499938964844,268.70001220703125,264.29998779296875,267.75,14618721
2026-06-04,ONGC,266.70001220703125,271.1499938964844,265.8999938964844,267.54998779296875,15217360
2026-06-05,ONGC,267.79998779296875,268.45001220703125,263.70001220703125,264.75,7493239
2026-06-03,INDUSTOWER,429.25,433.6000061035156,424.8999938964844,429.20001220703125,3891924
2026-06-04,INDUSTOWER,427.95001220703125,433.75,425.1000061035156,430.45001220703125,5657168
2026-06-05,INDUSTOWER,430.0,437.0,428.8500061035156,429.6499938964844,4806525
2026-06-03,IRB,21.5,21.559999465942383,21.1200008392334,21.280000686645508,9669422
2026-06-04,IRB,21.239999771118164,21.489999771118164,21.06999969482422,21.299999237060547,9170085
2026-06-05,IRB,21.31999969482422,21.450000762939453,21.110000610351562,21.170000076293945,7584529
2026-06-03,BHARTIARTL,1829.9000244140625,1835.5,1804.9000244140625,1824.0999755859375,5832363
2026-06-04,BHARTIARTL,1815.0,1829.800048828125,1798.4000244140625,1818.9000244140625,6735759
2026-06-05,BHARTIARTL,1824.9000244140625,1827.800048828125,1790.699951171875,1798.199951171875,3926715
2026-06-03,MIDHANI,412.04998779296875,421.8999938964844,408.1000061035156,417.0,1007668
2026-06-04,MIDHANI,421.1499938964844,449.8999938964844,421.1499938964844,443.25,7192034
2026-06-05,MIDHANI,447.75,447.8999938964844,432.0,435.54998779296875,1581227
2026-06-03,ETERNAL,248.0,249.4499969482422,244.5,247.0,25192315
2026-06-04,ETERNAL,244.5,258.6499938964844,244.4499969482422,254.35000610351562,36690161
2026-06-05,ETERNAL,253.35000610351562,258.79998779296875,252.8000030517578,256.5,34207436
2026-06-03,INDIANB,829.5,851.0,815.5999755859375,847.9000244140625,2814036
2026-06-04,INDIANB,847.9000244140625,849.9000244140625,832.7000122070312,837.25,1830531
2026-06-05,INDIANB,839.0,860.9500122070312,835.7999877929688,842.0499877929688,3472043
2026-06-03,BANKINDIA,137.67999267578125,140.52999877929688,134.6999969482422,139.9199981689453,7726413
2026-06-04,BANKINDIA,139.85000610351562,140.6300048828125,138.35000610351562,139.69000244140625,6349575
2026-06-05,BANKINDIA,139.89999389648438,143.3699951171875,139.8000030517578,141.4600067138672,12702704
2026-06-03,HINDALCO,1155.0,1159.9000244140625,1126.5999755859375,1138.9000244140625,4865978
2026-06-04,HINDALCO,1134.0,1137.0999755859375,1121.4000244140625,1125.5999755859375,3868557
2026-06-05,HINDALCO,1126.5999755859375,1132.300048828125,1090.0999755859375,1092.5999755859375,4546693
2026-06-03,TVSMOTOR,3360.0,3366.800048828125,3301.39990234375,3316.89990234375,846948
2026-06-04,TVSMOTOR,3310.0,3400.699951171875,3292.199951171875,3362.5,1089659
2026-06-05,TVSMOTOR,3380.0,3397.0,3345.0,3383.89990234375,813580
2026-06-03,IREDA,124.87999725341797,124.9000015258789,121.55000305175781,122.83000183105469,8224643
2026-06-04,IREDA,122.0,124.0999984741211,122.0,123.23999786376953,4344949
2026-06-05,IREDA,123.4800033569336,125.66999816894531,122.75,123.43000030517578,5141536
2026-06-03,DABUR,424.79998779296875,424.79998779296875,416.0,417.8500061035156,3353591
2026-06-04,DABUR,417.5,428.95001220703125,414.6000061035156,424.6499938964844,2919945
2026-06-05,DABUR,425.20001220703125,426.95001220703125,420.6000061035156,424.1499938964844,1864100
2026-06-03,YESBANK,22.809999465942383,23.030000686645508,22.200000762939453,22.93000030517578,111470651
2026-06-04,YESBANK,22.700000762939453,23.020000457763672,22.670000076293945,22.770000457763672,77191326
2026-06-05,YESBANK,22.81999969482422,23.399999618530273,22.719999313354492,23.299999237060547,148106091
2026-06-03,SJVN,72.3499984741211,73.55000305175781,71.94999694824219,73.2300033569336,3543740
2026-06-04,SJVN,72.5999984741211,74.31999969482422,72.30000305175781,73.7300033569336,2285055
2026-06-05,SJVN,73.80000305175781,74.1500015258789,73.08000183105469,73.68000030517578,2515042
2026-06-03,ABB,7146.0,7247.0,7083.0,7196.0,309040
2026-06-04,ABB,7192.0,7327.0,7122.5,7156.0,298566
2026-06-05,ABB,7175.0,7217.0,7108.5,7167.5,249982
2026-06-03,IOB,32.900001525878906,33.13999938964844,32.599998474121094,33.0099983215332,2748284
2026-06-04,IOB,33.0,33.13999938964844,32.79999923706055,32.91999816894531,2088753
2026-06-05,IOB,32.95000076293945,33.2400016784668,32.720001220703125,32.93000030517578,5083024
2026-06-03,INDUSINDBK,907.0999755859375,907.9000244140625,884.0499877929688,899.9500122070312,2302274
2026-06-04,INDUSINDBK,903.7000122070312,907.0999755859375,895.5,903.2000122070312,1798199
2026-06-05,INDUSINDBK,899.0,925.7999877929688,896.0999755859375,904.7999877929688,1890312
2026-06-03,KPITTECH,800.7999877929688,800.7999877929688,770.5999755859375,774.25,2235273
2026-06-04,KPITTECH,770.0,779.4500122070312,758.0,773.0,758769
2026-06-05,KPITTECH,780.0499877929688,784.2999877929688,767.25,777.7999877929688,848126
2026-06-03,NMDC,96.0999984741211,97.48999786376953,95.06999969482422,96.04000091552734,48441070
2026-06-04,NMDC,95.80999755859375,97.3499984741211,94.33999633789062,94.69999694824219,30790125
2026-06-05,NMDC,94.98999786376953,95.01000213623047,91.61000061035156,92.9000015258789,40684291
2026-06-03,STARHEALTH,533.9500122070312,539.4500122070312,525.7999877929688,530.0499877929688,381004
2026-06-04,STARHEALTH,522.2999877929688,534.25,522.2999877929688,526.25,222957
2026-06-05,STARHEALTH,526.25,537.2999877929688,524.2999877929688,526.0,355643
2026-06-03,DEEPAKNTR,1686.5999755859375,1718.800048828125,1673.699951171875,1698.9000244140625,87044
2026-06-04,DEEPAKNTR,1698.9000244140625,1711.199951171875,1670.0,1676.699951171875,35584
2026-06-05,DEEPAKNTR,1690.0,1716.0,1675.0,1680.0999755859375,58651
2026-06-03,TMPV,392.04998779296875,399.79998779296875,384.8500061035156,398.1499938964844,8638483
2026-06-04,TMPV,396.20001220703125,401.20001220703125,391.0,399.70001220703125,12067304
2026-06-05,TMPV,401.0,403.04998779296875,393.6000061035156,397.79998779296875,9554051
2026-06-03,UNIONBANK,164.00999450683594,167.5,160.5500030517578,166.6999969482422,10405094
2026-06-04,UNIONBANK,166.4499969482422,167.5,165.14999389648438,166.5399932861328,6247512
2026-06-05,UNIONBANK,167.60000610351562,169.58999633789062,165.83999633789062,167.0,12927945
2026-06-03,SAMMAANCAP,178.8800048828125,180.10000610351562,172.1999969482422,177.9199981689453,17811574
2026-06-04,SAMMAANCAP,177.94000244140625,185.4499969482422,176.0,183.1199951171875,22212655
2026-06-05,SAMMAANCAP,183.6999969482422,192.33999633789062,183.17999267578125,184.27999877929688,25603657
2026-06-03,HINDPETRO,378.8999938964844,386.3999938964844,378.6499938964844,384.1000061035156,4660225
2026-06-04,HINDPETRO,382.79998779296875,390.8999938964844,382.3500061035156,387.0,4806376
2026-06-05,HINDPETRO,387.0,389.79998779296875,383.75,385.04998779296875,3003625
2026-06-03,VBL,538.9500122070312,539.6500244140625,528.5,533.4000244140625,4501572
2026-06-04,VBL,533.0,535.7999877929688,527.1500244140625,528.4000244140625,2968198
2026-06-05,VBL,527.5,527.9000244140625,518.2999877929688,523.2999877929688,3217921
2026-06-03,HDFCBANK,744.4500122070312,756.9000244140625,742.5999755859375,753.6500244140625,36109480
2026-06-04,HDFCBANK,749.1500244140625,757.2999877929688,745.0,754.2000122070312,42673538
2026-06-05,HDFCBANK,753.9500122070312,758.7000122070312,744.6500244140625,747.0499877929688,22116568
2026-06-03,SYNGENE,444.0,444.0,432.1499938964844,438.1000061035156,319473
2026-06-04,SYNGENE,435.1000061035156,442.29998779296875,434.0,435.54998779296875,239834
2026-06-05,SYNGENE,436.95001220703125,442.70001220703125,433.0,434.25,289147
2026-06-03,ADANIGREEN,1450.0,1451.699951171875,1396.0,1427.5,2227421
2026-06-04,ADANIGREEN,1428.0,1455.300048828125,1418.300048828125,1423.300048828125,2248728
2026-06-05,ADANIGREEN,1431.0,1530.0,1430.0999755859375,1525.699951171875,10448500
2026-06-03,ADANIENT,2960.0,2965.0,2888.10009765625,2925.60009765625,1346112
2026-06-04,ADANIENT,2920.0,2983.0,2918.10009765625,2972.800048828125,1722991
2026-06-05,ADANIENT,2992.0,3059.800048828125,2921.800048828125,3048.199951171875,5617327
2026-06-03,OIL,487.3500061035156,495.3999938964844,485.79998779296875,490.95001220703125,3895881
2026-06-04,OIL,489.04998779296875,492.8999938964844,487.5,488.8999938964844,1691179
2026-06-05,OIL,491.79998779296875,494.95001220703125,482.0,483.3500061035156,2550336
2026-06-03,SIEMENS,3728.10009765625,3755.0,3665.0,3709.60009765625,464320
2026-06-04,SIEMENS,3719.0,3765.0,3679.10009765625,3686.89990234375,341821
2026-06-05,SIEMENS,3695.0,3724.89990234375,3647.10009765625,3700.800048828125,343897
2026-06-03,TIINDIA,3131.0,3131.0,3030.5,3070.199951171875,194889
2026-06-04,TIINDIA,3051.0,3160.0,3042.60009765625,3098.39990234375,207106
2026-06-05,TIINDIA,3099.800048828125,3157.0,3076.60009765625,3129.0,192369
2026-06-03,ADANIENSOL,1531.5,1532.0,1445.0,1493.0999755859375,4433558
2026-06-04,ADANIENSOL,1492.0,1526.800048828125,1482.9000244140625,1520.0,2706265
2026-06-05,ADANIENSOL,1528.4000244140625,1591.4000244140625,1527.0,1579.0,5528998
2026-06-03,BPCL,294.0,294.25,290.1499938964844,292.1000061035156,6711789
2026-06-04,BPCL,290.1000061035156,296.20001220703125,290.1000061035156,295.1499938964844,8514225
2026-06-05,BPCL,295.0,295.8999938964844,291.75,295.0,5528678
2026-06-03,TMCV,368.79998779296875,377.1000061035156,363.0,373.95001220703125,9637658
2026-06-04,TMCV,373.95001220703125,387.95001220703125,371.5,373.6000061035156,9943282
2026-06-05,TMCV,376.6000061035156,378.6000061035156,367.04998779296875,369.1499938964844,6074601
2026-06-03,CIPLA,1362.2202422090963,1372.028252140151,1352.6104459656287,1362.4183349609375,1520395
2026-06-04,CIPLA,1352.31321897514,1391.8423987938709,1341.4154567709447,1385.699951171875,1548692
2026-06-05,CIPLA,1394.0,1406.0999755859375,1382.0,1401.300048828125,1050391
2026-06-03,NTPC,368.04998779296875,371.5,363.70001220703125,366.79998779296875,10825715
2026-06-04,NTPC,366.79998779296875,368.79998779296875,364.3500061035156,366.3999938964844,14363519
2026-06-05,NTPC,365.95001220703125,368.5,358.6499938964844,361.6499938964844,10277061
2026-06-03,CONCOR,461.0,461.8999938964844,446.0,451.8999938964844,1889989
2026-06-04,CONCOR,451.8999938964844,455.25,448.20001220703125,454.3500061035156,1542940
2026-06-05,CONCOR,452.54998779296875,457.79998779296875,446.79998779296875,450.95001220703125,1855533
2026-06-03,ICICIGI,1730.199951171875,1745.0,1720.0,1740.800048828125,711061
2026-06-04,ICICIGI,1726.0,1746.199951171875,1726.0,1732.9000244140625,651770
2026-06-05,ICICIGI,1737.699951171875,1773.5,1737.699951171875,1758.0,756353
2026-06-03,MAXHEALTH,941.2000122070312,967.75,935.8499755859375,965.5499877929688,2609191
2026-06-04,MAXHEALTH,965.0,969.2999877929688,953.0999755859375,966.2000122070312,1513891
2026-06-05,MAXHEALTH,977.0999755859375,978.9500122070312,962.8499755859375,977.25,1317243
2026-06-03,VEDL,333.54998779296875,334.0,325.0,328.20001220703125,20194365
2026-06-04,VEDL,328.20001220703125,330.79998779296875,325.0,327.5,13730888
2026-06-05,VEDL,329.6000061035156,329.70001220703125,312.3500061035156,315.6000061035156,20824974
2026-06-03,ADANIPOWER,237.0,237.14999389648438,229.42999267578125,232.52000427246094,22600806
2026-06-04,ADANIPOWER,230.5,235.64999389648438,229.14999389648438,230.02999877929688,23485301
2026-06-05,ADANIPOWER,231.67999267578125,236.25,230.10000610351562,232.60000610351562,30846795
2026-06-03,PETRONET,269.79998779296875,272.75,266.54998779296875,269.95001220703125,1870667
2026-06-04,PETRONET,270.5,272.8999938964844,268.5,269.04998779296875,2795662
2026-06-05,PETRONET,269.79998779296875,271.5,267.3500061035156,269.45001220703125,2915553
2026-06-03,FEDERALBNK,293.95001220703125,302.8500061035156,290.29998779296875,301.04998779296875,15946881
2026-06-04,FEDERALBNK,301.25,303.79998779296875,295.6499938964844,300.1000061035156,11947303
2026-06-05,FEDERALBNK,300.5,305.3999938964844,295.75,304.1499938964844,9322801
2026-06-03,TATASTEEL,210.7100067138672,212.49000549316406,207.60000610351562,211.88999938964844,23198930
2026-06-04,TATASTEEL,210.4199981689453,212.24000549316406,209.30999755859375,210.57000732421875,18939468
2026-06-05,TATASTEEL,209.39999389648438,210.5,203.89999389648438,206.77000427246094,35802398
